model,lang,file,wer_raw,cer_raw,wer_norm,cer_norm,ref_words_raw,hyp_words_raw,ref_words_norm,hyp_words_norm
wav2vec2_tr,tr,Turist_Rehberleri_ic_in_Kapsamlı_Turizm_Eg_itimi.txt,0.8217213114754098,0.2355232141026955,0.7513611615245009,0.19493427380570696,1464,1387,1653,1387
wav2vec2_tr,tr,VERI__BI_LI_MI__NEDI_R__VERI__BI_LI_MI_NE_GI_RI_S___PYTHON_DERSLERI_.txt,0.9229311433986103,0.34556654520215163,0.877632327831531,0.30454786763404706,1583,1464,1757,1464
wav2vec2_tr,tr,proje_yo_netimi.txt,0.8409638554216867,0.23594356982212228,0.815547703180212,0.21571713356415906,1245,1148,1415,1148
